ym,industry,MediaTypeID,count,exp,products,brands,nunique.ads,nunique.days,total.imp
2010-07,T1,25,32581,17283463,42,2289,2405,4,2433469012
2009-12,B1,25,36610,19653919,195,4274,4690,1,3583233251
2010-01,B1,25,135780,73571906,210,6537,7244,4,13581051666
2010-03,B1,25,172176,95151618,214,8192,9079,5,16972352667
2010-11,B1,25,150631,91807001,227,10208,11434,5,20140741456
2010-11,B1,26,36738,11934427,196,4079,4583,5,1881723960
2010-08,B1,25,142794,81293051,224,8880,9879,5,17285077409
2010-07,B1,25,120302,67441904,211,7871,8743,4,13979679148
2010-09,B1,25,119559,69426218,220,8602,9630,4,14786316809
2010-04,B1,25,139828,73063568,211,7599,8472,4,14363448572
2010-05,B1,25,163021,86986909,215,7995,8918,5,16995037583
2010-01,B1,26,33245,9114649,173,2853,3134,4,1344036420
2010-04,B1,26,31849,8588222,177,3528,3887,4,1408202392
2010-05,B1,26,36072,9745673,177,3656,4027,5,1559335080
2010-07,B1,26,26273,7065562,179,3281,3627,4,1204106780
2010-12,D2,25,14721,8789302,126,1717,1817,3,1737426040
2010-12,D2,26,3520,792132,77,859,894,3,133358593
2010-03,D2,25,28096,13630163,127,1777,1868,5,2337022272
2010-01,D2,25,24384,13019547,119,1523,1585,4,2377546215
2010-04,D2,25,21429,10413191,128,1633,1717,4,2108822214
2010-05,D2,25,24540,11846659,130,1743,1856,5,2267392401
2010-07,D2,25,18151,8805135,131,1684,1791,4,1952668742
2010-08,D2,25,21870,10394777,138,1886,1997,5,2174462036
2010-09,D2,25,17356,9291127,138,1851,1956,4,1952984192
2010-10,D2,25,18348,10605309,139,1886,1994,4,2226652390
2010-11,D2,25,23901,13742651,140,2136,2280,5,2810120495
2010-01,D2,26,6313,1572020,70,833,862,4,238266930
2010-04,D2,26,4738,1128726,69,904,941,4,182500890
2010-05,D2,26,5479,1253423,71,932,982,5,194842230
2010-07,D2,26,3859,811524,75,855,892,4,130062695
2010-08,D2,26,4994,996355,76,1001,1044,5,157301845
2010-09,D2,26,4353,931578,76,963,998,4,148229515
2010-10,D2,26,4989,1126363,80,998,1039,4,179254996
2009-12,D2,25,7423,4143525,115,1068,1124,1,699769741
2010-02,D2,25,21108,11321512,125,1610,1696,4,2030525915
2010-06,D2,25,17987,9484985,132,1594,1692,4,1966006125
2009-12,D2,26,1924,438833,69,644,672,1,61772964
2010-02,D2,26,4653,1285595,67,829,871,4,192561953
2010-03,D2,26,6051,1423092,80,967,1004,5,205760575
2010-06,D2,26,3979,948137,70,832,875,4,152414912
2010-11,D2,26,6193,1332231,83,1107,1155,5,216608929
2010-06,F1,25,8333,6977406,93,414,455,4,952590543
2010-07,F1,25,7960,6266611,96,411,447,4,920802709
2010-08,F1,25,9460,6776037,101,466,508,5,1016023542
2010-09,F1,25,8346,6035351,101,468,502,4,963221868
2010-11,F1,25,10530,8176927,118,544,594,5,1296629432
2010-12,F1,25,5452,4396343,111,453,499,3,700162529
2010-06,F1,26,1004,190499,48,94,98,4,22605825
2010-07,F1,26,956,164153,40,85,86,4,22018743
2010-08,F1,26,1154,152206,35,107,109,5,21504765
2010-09,F1,26,1103,200239,46,115,121,4,28263693
2009-12,G5,25,221,133422,12,31,31,1,17041922
2010-01,G5,25,1105,652373,14,45,45,4,87182332
2010-02,G5,25,1118,807493,15,59,61,4,118088631
2010-03,G5,25,1393,940342,15,72,74,5,151711836
2010-06,G5,25,1159,784951,13,50,53,4,141405193
2010-07,G5,25,1338,767384,14,61,63,4,123767033
2010-08,G5,25,1459,862644,14,81,86,5,153267023
2010-09,G5,25,857,410715,18,74,76,4,67330810
2010-10,G5,25,711,665877,15,61,63,4,117881654
2010-11,G5,25,794,826655,14,75,78,5,165234509
2010-12,G5,25,326,203356,14,56,58,3,41283680
2010-08,G5,26,88,11923,9,22,22,5,1707199
2010-07,G5,26,90,13595,6,13,13,4,1475256
2010-11,G5,26,42,2725,5,14,14,5,374772
2010-02,B5,25,879,248095,11,136,142,4,53306416
2010-03,B5,25,1056,331833,12,154,163,5,36068681
2010-04,B5,25,985,443944,9,139,144,4,64447566
2010-06,B5,25,1058,410249,11,134,145,4,55235523
2010-07,B5,25,1077,552008,10,147,161,4,96779232
2010-08,B5,25,1096,454241,10,150,160,5,79536531
2010-10,B5,25,999,514064,10,140,151,4,77181022
2010-09,B5,25,1048,483071,8,147,162,4,67821192
2010-11,B5,25,1387,851274,12,189,202,5,144748483
2010-04,B5,26,136,27700,6,35,35,4,3160217
2010-10,B5,26,146,49620,7,40,43,4,6058604
2010-11,B5,26,233,48277,9,64,66,5,5354506
2010-04,G3,25,15131,7632815,75,1711,1777,4,1590238293
2010-05,G3,25,18405,9907180,80,1823,1904,5,2159186915
2010-04,G3,26,5205,1794513,63,1137,1168,4,306264688
2010-05,G3,26,6193,1875625,68,1198,1242,5,315864302
2009-12,F1,25,2041,1279818,79,275,292,1,164777149
2010-01,F1,25,8326,5846212,85,352,375,4,744931307
2010-02,F1,25,11020,7037975,89,415,439,4,914255030
2010-03,F1,25,13293,8770042,96,471,506,5,1123205604
2010-04,F1,25,11368,6969312,90,442,479,4,1019109143
2010-05,F1,25,12266,8322766,98,464,502,5,1187979513
2010-10,F1,25,7809,6031732,109,480,527,4,907909907
2010-02,F1,26,1205,174317,42,109,111,4,22910278
2010-01,D1,25,4921,3186755,59,238,251,4,487939401
2010-02,D1,25,6926,4538041,73,316,334,4,647516707
2010-03,D1,25,10231,5728578,76,363,391,5,844920282
2010-04,D1,25,8438,3829835,73,346,371,4,666218605
2010-05,D1,25,9882,5215761,72,384,406,5,1005301325
2010-06,D1,25,7481,4603208,62,326,348,4,841930823
2010-07,D1,25,6894,3358656,68,340,365,4,592493254
2010-08,D1,25,9034,4998570,77,408,432,5,871008639
2010-09,D1,25,7106,4231177,72,395,418,4,708371106
2010-10,D1,25,5770,3678482,73,362,389,4,614007316
2010-11,D1,25,7591,4917345,73,389,415,5,854436422
2010-12,D1,25,4644,2909175,66,340,357,3,513354625
2010-02,D1,26,475,111223,27,63,64,4,12179647
2010-05,D1,26,711,109312,26,75,77,5,13433588
2010-04,D1,26,728,64016,36,79,82,4,8765929
2010-06,D1,26,423,70084,21,58,62,4,8184150
2010-03,D1,26,736,133909,35,93,95,5,15943812
2010-08,D1,26,616,110374,28,74,78,5,15798567
2010-07,D1,26,424,40929,19,50,53,4,5377670
2009-12,T3,25,8,9730,3,5,5,1,4670775
2010-04,T3,25,35,25848,3,7,7,4,2692807
2010-05,T3,25,98,84227,3,5,5,5,12352862
2010-06,T3,25,48,14305,3,6,6,4,1500167
2010-07,T3,25,81,76830,2,8,8,4,5759574
2009-12,T3,26,1,36,1,1,1,1,3482
2010-05,T3,26,48,34179,3,3,3,4,4341425
2010-07,T3,26,6,424,1,1,1,1,52947
2010-04,T3,26,9,11814,3,3,3,3,967131
2010-06,T3,26,3,681,2,2,2,2,100174
2009-12,G7,25,7508,4079103,204,1598,1645,1,785261648
2010-01,G7,25,31413,16136873,228,2309,2403,4,2919504738
2009-12,G7,26,2368,846828,156,977,994,1,118069827
2010-01,G7,26,8694,2775031,154,1190,1223,4,392810926
2010-08,B1,26,35728,9488274,183,3819,4219,5,1544000405
2010-09,B1,26,32207,8807169,181,3728,4127,4,1420314967
2010-05,F1,26,1722,297580,54,132,135,5,37759352
2010-05,H2,25,3701,2128594,48,119,138,5,357175022
2010-06,H2,25,2668,1615175,47,108,125,4,280902858
2010-07,H2,25,3014,1571468,50,114,132,4,248384645
2010-08,H2,25,3702,1933071,55,126,142,5,276280640
2010-09,H2,25,3106,1891125,58,136,149,4,302800072
2010-05,H2,26,539,46648,23,39,42,5,6588685
2010-06,H2,26,298,23803,23,38,44,4,3769008
2010-07,H2,26,313,20372,19,32,38,4,3009676
2010-08,H2,26,493,40128,27,38,44,5,5718960
2010-10,F1,26,706,184085,51,121,127,4,23401212
2010-11,F1,26,1214,313354,51,136,143,5,43876512
2010-01,F1,26,891,172637,36,81,83,4,23504491
2009-12,T4,25,6648,2190808,31,774,876,1,376854717
2010-04,T4,25,27759,11145814,34,1332,1493,4,2061644456
2010-05,T4,25,34239,14667041,35,1491,1690,5,2751555250
2010-06,T4,25,26966,12041628,33,1478,1673,4,2314715678
2010-07,T4,25,23924,10167651,34,1460,1690,4,2074024255
2010-08,T4,25,25059,11651232,33,1539,1757,5,2174231040
2010-09,T4,25,20559,9978923,34,1369,1570,4,1842892017
2010-10,T4,25,20097,10180493,35,1355,1553,4,2004950228
2010-11,T4,25,24172,12445023,35,1494,1717,5,2511709202
2010-12,T4,25,13677,5472538,34,1250,1428,3,1137942462
2010-05,T4,26,8554,2111305,27,831,916,5,320918330
2010-06,T4,26,7103,1798195,26,852,943,4,267340353
2010-09,T4,26,5872,1550291,29,755,835,4,222071526
2010-10,T4,26,5864,1646124,28,689,757,4,237248259
2010-08,T4,26,7132,1998552,27,866,971,5,303698807
2010-07,T4,26,6475,1552175,27,796,894,4,231821380
2010-12,T4,26,4125,860238,28,662,733,3,139474821
2010-01,T1,25,23111,9355938,36,3033,3131,4,1224403088
2010-02,T1,25,31681,16112381,39,3396,3517,4,2124940842
2010-03,T1,25,46814,22667328,39,4362,4534,5,2964120017
2010-04,T1,25,34948,16854561,42,3974,4121,4,2248656173
2010-05,T1,25,45740,23351677,42,2738,2850,5,3289411666
2010-08,T1,25,34182,19257472,42,2390,2520,5,2568206872
2010-09,T1,25,25096,14633267,41,2321,2464,4,1915086538
2010-10,T1,25,24906,14693931,43,2288,2439,4,1958388173
2010-11,T1,25,33969,19380467,42,2589,2757,5,2739103938
2010-12,T1,25,23222,13390234,38,2158,2287,3,1870080550
2010-03,T1,26,10941,4358392,27,1281,1332,5,567021492
2010-04,T1,26,9100,3898188,26,1176,1225,4,541778318
2010-05,T1,26,12040,4472042,27,1302,1351,5,621587021
2010-08,T1,26,10770,3210936,26,1360,1424,5,434320993
2010-09,T1,26,8264,2246071,28,1368,1432,4,305443299
2010-11,T1,26,10390,2918074,27,1434,1512,5,416867442
2010-10,T1,26,7601,2359869,27,1339,1411,4,331936370
2010-12,T1,26,7535,2252494,23,1273,1341,3,312416984
2010-05,G7,25,42003,21131708,237,2893,3028,5,4461411193
2010-06,G7,25,30107,16166689,231,2593,2714,4,3474159283
2010-05,G7,26,10869,3593434,181,1545,1598,5,556315854
2010-06,G7,26,7816,2648460,169,1382,1424,4,416606039
2009-12,B3,25,5904,2967378,29,640,724,1,438690082
2010-01,B3,25,23107,12620537,31,858,997,4,1889670980
2010-02,B3,25,18605,10523787,31,905,1020,4,1590763840
2010-01,B4,25,17544,10120197,41,1264,1412,4,1787553251
2009-12,B4,25,3935,2206167,39,779,876,1,413174333
2010-02,B4,25,14092,8260239,42,1317,1473,4,1404266781
2010-03,B4,25,21960,12690542,41,1479,1667,5,2126004533
2010-04,B4,25,17152,9734597,43,1392,1574,4,1776841805
2010-05,B4,25,20119,11383854,44,1522,1716,5,2072533698
2010-06,B4,25,15626,9060106,41,1364,1519,4,1735406951
2010-07,B4,25,17339,10024420,43,1412,1581,4,1971923199
2010-08,B4,25,18160,11431264,43,1581,1774,5,2232910543
2010-09,B4,25,16791,11724666,45,1623,1846,4,2205582308
2010-10,B4,25,14630,9371215,45,1587,1813,4,1985798638
2010-11,B4,25,18778,11840345,44,1827,2090,5,2505623780
2010-12,B4,25,10481,5814732,46,1324,1526,3,1208613144
2009-12,B4,26,883,275074,31,222,254,1,43922788
2010-01,B4,26,3901,1343732,32,355,391,4,200568947
2010-03,B4,26,4600,1710090,34,442,500,5,240396145
2010-02,B4,26,2731,1010683,35,356,397,4,165715797
2010-05,B4,26,3784,1401463,33,446,493,5,224675059
2010-04,B4,26,3412,1213326,35,415,461,4,175014265
2010-07,B4,26,3458,1069691,37,381,425,4,172677309
2010-06,B4,26,2934,923428,35,385,417,4,150616961
2010-08,B4,26,3970,1372718,35,446,492,5,227763430
2010-09,B4,26,3797,1515277,35,486,548,4,233778446
2010-10,B4,26,3147,1151398,39,472,527,4,191045937
2010-11,B4,26,3840,1721856,38,564,633,5,281566991
2010-12,B4,26,2089,770308,34,423,467,3,127961637
2010-04,H5,25,2457,970852,57,167,176,4,154664424
2010-05,H5,25,2632,1087597,61,189,202,5,180009839
2010-06,H5,25,2364,1117449,58,187,202,4,186256873
2010-07,H5,25,2565,1265204,67,198,213,4,227485281
2010-08,H5,25,2722,1253161,61,210,226,5,207096034
2010-09,H5,25,2333,1057539,65,215,231,4,187583266
2010-10,H5,25,2703,1074907,69,223,243,4,217541791
2009-12,H3,25,1830,1149446,20,262,281,1,201692813
2010-01,H3,25,4879,2381674,21,447,472,4,410420233
2010-05,H3,25,6198,3112217,23,524,551,5,581288065
2010-06,H3,25,4600,2616630,21,458,483,4,465597469
2010-07,H3,25,3940,2144068,22,449,476,4,385835778
2010-08,H3,25,5080,2797623,24,548,584,5,532186756
2010-09,H3,25,4403,3013339,23,539,576,4,525606274
2010-10,H3,25,4578,2918012,23,534,581,4,537109355
2010-11,H3,25,7444,4548960,26,563,618,5,819480720
2010-12,H3,25,4770,2805701,24,395,438,3,487411897
2009-12,H3,26,287,40182,12,40,44,1,4848650
2010-06,H3,26,443,133932,15,70,76,4,22658486
2010-05,H3,26,715,162458,16,88,93,5,26712460
2010-09,H3,26,574,106434,12,99,105,4,16889641
2010-11,H3,26,853,161799,14,92,107,5,21405457
2010-10,H3,26,765,199006,14,94,101,4,24485736
2010-08,H3,26,746,236673,12,92,98,5,39872200
2010-03,F1,26,1552,316371,46,120,126,5,40141912
2010-04,F1,26,1918,448314,47,131,138,4,56870574
2010-12,F1,26,689,130162,47,110,116,3,17383941
2009-12,F3,25,329,196962,15,70,71,1,31359663
2010-03,F3,25,690,777445,16,75,78,5,112932562
2010-04,F3,25,783,627064,16,82,85,4,114322568
2010-06,F3,25,1526,1504402,19,113,116,4,230057479
2010-07,F3,25,1397,1196882,17,104,106,4,167417533
2010-08,F3,25,1959,1754321,17,121,124,5,328951752
2010-09,F3,25,1125,1063700,20,110,114,4,193856820
2010-10,F3,25,897,916202,18,102,105,4,194738090
2010-11,F3,25,1588,1248658,18,136,146,5,241729977
2010-12,F3,25,1128,980890,18,124,134,3,158077816
2010-02,B1,25,132329,75964196,219,7247,7984,4,13889991224
2010-03,B1,26,38647,11914814,182,3637,3998,5,1748147840
2009-12,B1,26,9529,2328173,159,2134,2308,1,330368157
2010-02,B1,26,29325,9279163,180,3079,3357,4,1370527743
2009-12,T1,25,9337,4556250,30,1604,1660,1,571199482
2010-06,T1,25,36257,20313451,42,2291,2397,4,2877779035
2009-12,T1,26,2709,870620,19,869,894,1,105104331
2010-06,T1,26,9794,3579558,28,1282,1336,4,508291865
2010-01,H5,25,1890,495366,54,134,145,4,101035958
2009-12,H5,25,429,149306,49,94,98,1,24615061
2010-02,H5,25,2076,717448,51,141,151,4,122379083
2010-03,H5,25,2729,1039689,55,154,162,5,154979231
2010-11,H5,25,3203,1370002,68,252,272,5,357160226
2010-12,H5,25,1503,561520,54,176,187,3,115434985
2010-01,H5,26,471,72883,24,50,55,4,10398304
2009-12,H5,26,105,5467,24,39,41,1,836783
2010-02,H5,26,443,96202,26,55,59,4,14225191
2010-03,H5,26,547,118212,31,69,72,5,18336832
2010-04,H5,26,505,49776,30,74,78,4,9233423
2010-05,H5,26,416,84833,33,76,79,5,12761805
2010-07,H5,26,532,137064,37,77,83,4,20104957
2010-08,H5,26,469,101221,34,79,85,5,14802224
2010-06,H5,26,472,109066,32,79,82,4,16376123
2010-09,H5,26,456,77804,37,80,83,4,12115410
2010-10,H5,26,590,95509,37,83,90,4,14789415
2010-11,H5,26,746,111871,33,87,93,5,17890260
2010-12,H5,26,365,75248,26,65,68,3,11360666
2010-01,T4,25,29484,11563802,32,1066,1214,4,2017101492
2010-02,T4,25,24374,9630244,33,1182,1327,4,1599183008
2010-01,T4,26,8252,1962117,25,558,627,4,261854637
2009-12,T4,26,2067,422567,26,437,495,1,55343571
2010-03,B3,25,24614,12100445,32,992,1135,5,1644076859
2010-07,B3,25,16486,8146282,33,981,1125,4,1228814450
2010-08,B3,25,19512,10018145,37,1086,1229,5,1482159043
2010-09,B3,25,14746,8631755,34,1012,1145,4,1193509677
2010-10,B3,25,15409,9049914,36,1030,1176,4,1295972428
2010-11,B3,25,22191,12557686,37,1174,1356,5,2002847507
2010-12,B3,25,13702,7340034,34,946,1082,3,1142290552
2010-08,T3,25,31,21446,4,11,11,5,5247336
2010-09,T3,25,27,7331,3,9,9,4,2687949
2010-12,B1,25,90447,52056016,219,7487,8405,3,10971458939
2010-02,F3,25,350,397492,15,54,54,4,63287232
2010-05,F3,25,1384,1160202,19,107,113,5,194527462
2010-12,F3,26,168,56134,14,39,41,3,7655887
2010-09,A1,25,3387,1535341,34,277,287,4,276032730
2010-08,A1,25,3843,2000270,36,253,264,5,404472353
2010-10,B1,25,120511,73406230,215,9194,10248,4,16125003535
2010-06,B1,25,124086,69138601,207,7263,8077,4,13663341882
2010-06,B1,26,27799,7574506,177,3281,3619,4,1278556755
2010-10,B1,26,31155,9130268,185,3853,4258,4,1443194230
2010-12,B1,26,22335,6511582,180,3115,3457,3,1107506393
2010-01,H1,25,524,154868,26,76,78,4,54585088
2010-02,H1,25,537,194575,25,75,77,4,44593192
2010-03,H1,25,696,158461,29,87,89,5,32790228
2010-04,H1,25,535,160262,28,81,83,4,28253851
2010-05,H1,25,1036,403884,34,98,102,5,85134812
2010-06,H1,25,481,250114,27,81,83,4,73976006
2010-07,H1,25,431,175580,31,92,95,4,42798858
2010-08,H1,25,620,318553,30,105,106,5,81805222
2010-09,H1,25,378,211563,33,101,103,4,64678491
2010-10,H1,25,342,229408,32,104,110,4,70161901
2010-11,H1,25,680,371727,40,140,149,5,105676059
2010-12,H1,25,394,121985,35,99,101,3,36758615
2010-10,G3,25,14662,8994895,75,1895,1998,4,1945896105
2010-11,G3,25,18236,10873220,77,2065,2183,5,2455086332
2010-11,G3,26,6606,2232072,69,1364,1413,5,388031475
2010-10,G3,26,5479,1847531,64,1243,1289,4,301778530
2010-04,G7,25,33927,16002135,241,2738,2852,4,3238819430
2010-07,G7,25,30757,16393966,238,2781,2898,4,3630640665
2010-08,G7,25,39817,21521702,247,3223,3386,5,4641613329
2010-04,G7,26,8571,2698786,181,1432,1471,4,422348567
2010-07,G7,26,7898,2542894,172,1338,1378,4,381453634
2010-08,G7,26,11090,3637683,187,1590,1650,5,527502184
2010-02,G7,25,27937,13292112,231,2480,2577,4,2423061055
2010-03,G7,25,39919,19785947,243,2865,2985,5,3540773149
2010-09,G7,25,31549,16247369,232,2950,3100,4,3515042743
2010-10,G7,25,32436,18678227,241,3204,3360,4,4149274298
2010-11,G7,25,47944,27646135,255,4161,4373,5,6231734622
2010-03,G7,26,9841,3590368,184,1491,1532,5,507070190
2010-02,G7,26,6994,2465819,163,1204,1241,4,349903794
2010-09,G7,26,9381,2783849,171,1549,1606,4,415878994
2010-10,G7,26,9148,2689263,180,1594,1655,4,409790483
2010-11,G7,26,13073,4675439,186,1981,2063,5,695322625
2010-02,T4,26,6117,1545481,27,606,669,4,210374988
2010-12,G7,25,31076,17015335,239,3218,3378,3,3586775036
2010-12,G7,26,8709,3065637,177,1657,1721,3,458254430
2009-12,A1,25,1054,358504,27,136,143,1,69960984
2010-01,A1,25,1855,624706,29,199,210,4,140762699
2010-02,A1,25,2155,782391,33,241,255,4,135458428
2010-03,A1,25,3973,1921920,36,265,279,5,278185511
2010-04,A1,25,3569,1458225,36,239,252,4,280977185
2010-01,A1,26,295,29570,11,49,52,4,3993321
2010-02,A1,26,350,53915,11,58,60,4,6295079
2009-12,A1,26,204,18390,13,43,45,1,2442735
2010-04,A1,26,541,100921,11,68,71,4,20597223
2010-03,A1,26,460,63929,14,66,70,5,7680298
2010-04,G5,25,1445,737001,13,58,61,4,131637234
2010-05,G5,25,1778,1133370,14,58,63,5,205728668
2009-12,D1,25,1712,915565,65,220,232,1,146995620
2010-04,H2,25,3220,1506347,46,109,125,4,269009947
2010-04,H2,26,560,45443,20,38,42,4,6825306
2010-02,F2,25,2535,1689686,20,100,107,4,235358408
2010-03,F2,25,3966,2346497,21,115,121,5,332292740
2010-04,F2,25,4033,2585622,21,126,139,4,404467671
2010-05,F2,25,3608,2546358,19,122,136,5,377539163
2010-06,F2,25,3511,2389545,19,113,124,4,382088125
2010-09,F2,25,3128,2182150,18,119,135,4,333124197
2010-10,F2,25,3640,2944713,18,132,148,4,455091790
2010-11,F2,25,4042,3519112,19,139,156,5,538466634
2010-03,H4,25,1935,831147,23,68,73,5,122256430
2010-04,H4,25,1806,789866,21,59,65,4,135150962
2010-05,H4,25,1892,1025216,22,66,74,5,164714298
2010-06,H4,25,1497,754997,21,56,62,4,127051311
2010-07,H4,25,1168,607352,21,55,58,4,90385912
2010-08,H4,25,1846,1090311,22,62,69,5,194937505
2010-09,H4,25,1794,1025364,19,66,74,4,176941970
2010-10,H4,25,1659,910303,24,66,71,4,165546252
2010-11,H4,25,2253,1354876,24,68,73,5,214485846
2010-10,H4,26,158,21966,9,16,17,4,2875003
2010-11,H4,26,167,7222,8,14,14,5,1035028
2009-12,F1,26,226,16464,25,45,46,1,2173194
2010-08,F3,26,309,84337,11,33,33,5,10230716
2010-04,B3,25,22832,10808626,29,877,1002,4,1731880000
2010-05,B3,25,23159,11901663,32,932,1063,5,1704628518
2010-06,B3,25,18119,9546697,33,918,1058,4,1324379140
2010-11,D1,26,569,162364,29,74,75,5,21602925
2010-10,D1,26,320,65168,23,60,62,4,11281422
2010-07,A1,25,3128,1088578,30,225,241,4,242524871
2010-11,A1,25,6033,2489256,40,376,394,5,552307380
2010-12,A1,25,3482,1419205,38,302,317,3,290977905
2010-11,A1,26,1019,335243,14,101,105,5,51494015
2010-12,A1,26,574,142241,13,83,86,3,26552318
2010-03,G2,25,1189,734897,18,98,99,5,91648321
2010-04,G2,25,1305,569775,18,115,120,4,91042679
2010-05,G2,25,2655,1069941,15,117,125,5,168327786
2010-11,G2,25,2521,1126819,18,189,204,5,205484591
2010-12,G2,25,1955,933239,17,163,177,3,157331184
2010-11,G2,26,413,108004,11,50,54,5,16486316
2010-12,G2,26,271,74397,10,51,54,3,10273677
2010-04,B3,26,3238,526863,18,198,214,4,72512559
2010-01,T1,26,5099,1481237,20,1035,1066,4,202471331
2010-02,T1,26,6860,2962824,23,1137,1170,4,401977241
2010-07,T1,26,9103,3371095,23,1215,1255,4,473607254
2010-09,D1,26,574,101337,28,68,70,4,16310581
2010-12,D1,26,408,58346,28,56,56,3,9919212
2010-01,F3,25,302,263273,16,44,45,4,35278208
2010-05,B3,26,2594,474336,21,212,228,5,64149665
2010-09,B3,26,1534,503115,21,199,213,4,62292401
2010-10,B3,26,1877,807116,24,202,220,4,105903326
2010-08,B3,26,2195,552785,21,213,234,5,70867563
2010-12,B3,26,1855,474717,16,174,192,3,63347141
2010-11,B3,26,2663,792290,22,253,281,5,104614784
2010-08,F2,25,4321,2867036,18,135,148,5,462673686
2010-01,F2,25,1967,1240061,19,86,93,4,169739264
2009-12,F2,25,605,540751,16,65,72,1,75644573
2010-07,F2,25,3358,2488429,17,120,130,4,392420511
2010-12,F2,25,2690,2536004,19,115,130,3,427732748
2010-01,F2,26,270,50859,12,30,31,4,5999484
2010-02,F2,26,255,54646,13,31,32,4,6488442
2010-03,F2,26,407,62186,13,36,38,5,6802749
2010-04,F2,26,343,45866,13,35,40,4,5438079
2009-12,F2,26,117,59290,9,15,16,1,6509623
2010-05,F2,26,314,64681,12,34,37,5,6390083
2010-08,F2,26,450,50735,13,40,43,5,7680162
2010-11,F2,26,467,88338,14,42,45,5,12624690
2010-01,R1,25,2571,861736,12,158,165,4,195238339
2010-01,R1,26,466,35415,7,46,46,4,5540038
2010-09,G2,25,1046,507727,16,103,112,4,75768950
2010-10,G2,25,1304,485190,16,121,131,4,103804682
2010-10,G2,26,297,44133,11,31,34,4,5702834
2010-03,F3,26,70,21068,5,20,20,5,2380031
2009-12,H1,25,158,37896,23,55,56,1,12592715
2010-01,H1,26,109,8759,8,15,15,4,1457359
2010-02,H1,26,99,8441,12,18,18,4,1242492
2010-03,H1,26,162,18677,14,24,24,5,2908068
2010-05,H1,26,189,18412,16,33,35,5,2736555
2010-04,H1,26,86,7739,13,23,23,4,1366585
2010-06,H1,26,109,30937,10,18,19,4,4485305
2010-07,H1,26,78,5392,8,19,19,4,903031
2010-09,H1,26,105,20631,10,22,22,4,2683530
2010-08,H1,26,133,24388,11,26,26,5,3507239
2010-10,H1,26,82,17160,11,22,22,4,2658951
2010-11,H1,26,142,9849,20,33,34,5,1475428
2010-12,H1,26,85,7475,13,27,27,3,1026494
2009-12,R1,25,488,191603,8,85,89,1,58728917
2010-02,R1,25,2278,732773,13,175,180,4,177641851
2010-03,R1,25,2695,1018222,12,205,216,5,227828198
2010-04,R1,25,2122,939849,13,172,180,4,238632501
2010-05,R1,25,2402,986562,12,174,183,5,237122128
2010-06,R1,25,1839,634965,12,143,147,4,168490247
2010-07,R1,25,1556,756520,10,160,170,4,206631364
2010-08,R1,25,1463,628164,13,212,221,5,188956856
2010-09,R1,25,1054,401917,13,180,190,4,135721499
2010-11,R1,25,2089,719649,11,189,198,5,193169988
2010-02,R1,26,360,50564,8,41,42,4,7329122
2009-12,R1,26,85,7178,6,25,26,1,1407490
2010-03,R1,26,320,72619,5,42,43,5,9566573
2010-04,R1,26,353,132147,8,47,47,4,18597117
2010-06,R1,26,251,44738,7,30,30,4,6900618
2010-05,R1,26,339,127123,9,39,40,5,18022522
2010-07,R1,26,238,80362,5,34,34,4,12640883
2010-01,B3,26,3569,1011052,19,164,188,4,133427585
2009-12,B3,26,934,147361,18,122,137,1,16325480
2010-02,B3,26,2474,703250,16,161,179,4,95278676
2010-03,B3,26,3069,756306,19,209,228,5,88970540
2010-06,B3,26,1862,435254,19,177,201,4,54809993
2010-07,B3,26,1850,400659,18,194,221,4,49343961
2009-12,F3,26,104,21607,11,28,28,1,2428620
2010-05,F3,26,91,22894,9,24,24,5,3032728
2010-10,F3,26,138,52265,12,30,31,4,7868225
2010-11,F3,26,252,67760,14,43,45,5,8747102
2010-09,F3,26,186,43260,13,34,35,4,6004105
2010-02,T6,25,1509,1186957,22,118,121,4,207814004
2010-03,T6,25,2105,948984,25,143,148,5,200806134
2010-04,T6,25,2315,1160791,35,161,168,4,285664228
2010-05,T6,25,2320,1489816,31,179,183,5,327341089
2010-06,T6,25,1004,586231,27,131,136,4,156098911
2010-02,T6,26,309,94424,14,63,64,4,13849576
2010-03,T6,26,409,75028,20,78,78,5,10997758
2010-06,A1,25,2820,1211838,32,209,221,4,245893166
2010-06,A1,26,456,100667,12,61,65,4,13003305
2010-03,T4,25,32426,13250608,34,1365,1544,5,2123942808
2010-11,T4,26,6913,1925603,30,751,835,5,285896810
2010-04,T4,26,7001,1609364,28,708,781,4,239395167
2010-06,F3,26,130,31643,8,24,24,4,5847653
2009-12,G2,25,624,303602,14,78,83,1,40421294
2010-01,G4,25,7847,3215930,50,502,550,4,775126842
2010-02,G4,25,7508,3171022,51,525,581,4,728903294
2010-01,G4,26,611,124302,16,64,66,4,13185924
2010-02,G4,26,413,53577,16,65,70,4,6613764
2010-06,G2,25,2246,1189844,16,114,123,4,194187737
2010-07,G2,25,1018,375295,15,105,110,4,70466088
2010-08,G2,25,993,277411,16,111,119,5,55316602
2010-04,G2,26,193,74089,7,27,27,4,10700632
2010-06,G2,26,314,44469,8,32,34,4,5929623
2010-07,G2,26,69,4687,7,17,17,4,665735
2010-08,G2,26,92,9440,8,23,23,5,1179153
2010-09,A1,26,598,147470,11,77,79,4,19351288
2010-10,R1,25,1134,521618,11,174,181,4,148681485
2010-12,R1,25,1399,563620,11,158,161,3,128752844
2010-09,G2,26,201,119635,7,22,23,4,11627193
2010-02,F3,26,48,17658,7,17,17,4,2482906
2010-03,T4,26,7735,2146337,28,731,810,5,293821879
2010-07,F3,26,183,48366,9,29,29,4,6975687
2010-03,H3,25,6014,3413430,18,574,598,5,543839427
2010-10,A1,25,4145,1867236,35,299,316,4,367124803
2010-01,G2,25,1327,557745,17,107,111,4,85388837
2010-02,G2,25,912,671078,17,98,101,4,96442479
2010-01,G2,26,180,22769,9,25,27,4,2751802
2010-02,G2,26,114,77234,7,25,26,4,8815567
2010-03,G2,26,168,60070,7,20,20,5,7788786
2010-05,G2,26,319,41639,10,34,36,5,5623226
2010-02,H3,25,4076,1954612,21,519,535,4,336427670
2010-04,H3,25,4456,2299303,19,457,483,4,434945257
2010-05,A1,25,3865,1687637,35,242,254,5,297776727
2010-01,H2,25,2264,1041355,37,92,100,4,163643760
2009-12,H2,25,669,255736,36,78,87,1,34729562
2010-02,H2,25,2133,935220,36,86,96,4,144765050
2010-03,H2,25,2458,1321425,40,106,116,5,209905764
2010-10,H2,25,3168,2048021,49,126,141,4,297582541
2010-11,H2,25,4007,2958375,53,147,168,5,455336857
2010-12,H2,25,1996,1515009,42,113,129,3,259366190
2010-01,H2,26,426,72935,15,25,27,4,9504780
2010-02,H2,26,230,18660,15,24,26,4,2590691
2010-09,H2,26,662,83726,29,43,48,4,10080291
2010-10,H2,26,626,81603,27,44,49,4,10636359
2010-10,A1,26,634,231370,16,77,79,4,27387627
2010-08,A1,26,663,93299,13,54,56,5,13448910
2010-06,G1,25,27,16865,3,6,6,4,3074338
2010-05,G1,25,58,8040,6,11,11,5,2200609
2010-07,G1,25,19,19359,4,6,6,4,2736923
2009-12,T6,25,195,118493,19,60,63,1,30788660
2010-01,T6,25,786,527776,19,89,90,4,114024102
2010-07,T6,25,748,318998,24,116,120,4,93208845
2010-08,T6,25,793,509841,23,128,130,5,147214463
2010-09,T6,25,797,307538,27,135,136,4,88473289
2010-10,T6,25,764,293548,26,116,118,4,85804975
2010-11,T6,25,997,513682,28,146,150,5,173848675
2010-12,T6,25,803,354208,24,125,127,3,115188690
2010-04,T6,26,528,68444,22,85,87,4,11349551
2010-05,T6,26,568,134365,19,94,94,5,20771487
2010-06,T6,26,297,34590,16,67,68,4,5878831
2010-07,T6,26,237,63684,12,54,55,4,12933897
2010-09,T6,26,263,28442,18,74,74,4,4733281
2010-10,T6,26,226,30843,17,59,59,4,5207958
2010-08,T6,26,255,31251,15,69,69,5,5983181
2010-11,T6,26,322,66896,17,68,69,5,10332749
2010-12,T6,26,252,24601,13,62,63,3,3895011
2010-05,A1,26,517,104798,13,56,61,5,17546145
2010-07,A1,26,547,91219,12,55,59,4,11188828
2010-09,G3,25,15588,9235484,68,1868,1960,4,1952848851
2010-08,G3,25,18271,10818609,76,1943,2047,5,2215292633
2010-12,G3,25,11704,6985548,74,1687,1778,3,1657829860
2010-09,G3,26,5984,1938409,59,1256,1307,4,318847076
2010-08,G3,26,6436,2178222,65,1275,1324,5,375516568
2010-12,G3,26,4370,1245833,57,1143,1179,3,216839589
2009-12,H4,25,323,179633,14,33,37,1,28039229
2010-12,H4,25,1014,530480,19,49,55,3,74859177
2010-11,G4,25,10895,6658450,62,866,951,5,1670351256
2010-12,G4,25,6019,3463000,56,645,710,3,808296433
2009-12,G4,25,2129,1089524,46,379,416,1,234671699
2010-03,G4,25,10357,4390700,56,614,676,5,1001165882
2010-04,G4,25,8234,3044682,54,587,656,4,901320873
2010-05,G4,25,10167,4362095,55,628,710,5,1126495663
2010-06,G4,25,7086,3229545,56,585,651,4,845885625
2010-07,G4,25,7303,3096427,49,581,640,4,904185022
2010-08,G4,25,7484,3475544,57,675,740,5,934199280
2010-09,G4,25,6001,3227767,49,606,662,4,803998427
2010-10,G4,25,7040,3958813,57,745,812,4,994155919
2010-07,B7,25,248,106334,4,97,98,4,39060098
2010-09,B7,25,461,267704,4,101,102,4,68577597
2010-10,B7,25,435,331691,4,124,124,4,109912170
2010-01,T6,26,208,60030,10,43,43,4,7755389
2010-02,G3,25,12905,7398277,75,1521,1573,4,1353112186
2010-03,G3,25,19654,10867989,77,1823,1899,5,1981175911
2010-06,G3,25,14692,8140978,69,1605,1690,4,2119155217
2010-03,G3,26,6749,3075219,65,1213,1248,5,510169583
2010-11,R1,26,305,49274,5,45,46,5,8626430
2010-12,R1,26,205,54354,5,40,40,3,8484520
2010-11,B7,25,501,283865,4,119,122,5,77871850
2010-12,B7,25,263,138890,4,81,81,3,38743604
2010-10,B7,26,122,32557,4,55,55,4,4748284
2010-11,B7,26,154,50514,4,57,57,5,7821332
2010-12,B7,26,93,19443,4,41,41,3,2954368
2009-12,G4,26,168,74756,12,39,40,1,7876004
2010-03,G4,26,566,51101,22,87,92,5,7822725
2010-05,G4,26,488,43012,19,90,96,5,6995737
2010-04,G4,26,394,25968,18,83,86,4,4599230
2010-08,G4,26,392,34135,23,83,86,5,6113009
2010-06,G4,26,365,35986,20,75,77,4,7429402
2010-07,G4,26,367,49169,22,87,88,4,7094918
2010-09,G4,26,386,61706,23,80,81,4,13030048
2010-11,G4,26,629,173831,25,97,98,5,49894476
2010-12,G4,26,297,93868,23,74,74,3,29288205
2010-10,G4,26,419,152574,24,89,90,4,44335254
2010-01,B2,25,15427,7615731,20,1095,1838,4,1394489029
2010-02,B2,25,14032,6816561,22,1270,2128,4,1283572327
2009-12,B2,25,3502,1837396,17,559,726,1,316729327
2010-03,B2,25,16402,8055448,22,1408,2234,5,1558012324
2010-05,B2,25,16276,7904511,19,1332,2058,5,1564394109
2010-09,B2,25,12796,8224878,22,1431,2193,4,1739742086
2010-10,B2,25,13730,9058264,22,1444,2148,4,1995317926
2010-01,B2,26,4146,995648,17,476,573,4,153677636
2010-02,B2,26,3347,908811,20,523,612,4,138203189
2010-03,B2,26,4423,1296048,21,673,791,5,214676359
2010-10,B2,26,4610,1622659,19,651,774,4,279362430
2010-09,B2,26,4358,1257597,19,626,746,4,214499742
2010-12,H2,26,229,35277,18,27,30,3,5776651
2010-09,R1,26,165,33447,7,45,46,4,5589692
2009-12,G2,26,114,32405,8,23,25,1,4621650
2010-12,F2,26,333,72416,16,36,39,3,10520866
2009-12,G3,25,3415,1891880,54,882,906,1,338880918
2010-01,G3,25,12876,7777223,74,1370,1413,4,1406016220
2010-07,G3,25,15210,8728128,72,1648,1731,4,1880251359
2009-12,G3,26,1243,483321,48,666,684,1,81685277
2010-01,G3,26,4358,1855672,62,953,982,4,318981896
2010-02,G3,26,4757,2322623,61,1011,1042,4,389729210
2010-06,G3,26,5177,1715887,61,1092,1142,4,293861117
2010-07,G3,26,5167,1783902,64,1094,1135,4,302035541
2010-04,B2,25,13509,6301622,22,1310,2074,4,1238245029
2010-06,B2,25,12608,7002843,20,1160,1768,4,1433154814
2010-04,B2,26,3770,861220,18,626,721,4,141060795
2010-05,B2,26,4545,990781,18,649,760,5,166876670
2010-06,B2,26,3631,895019,18,588,683,4,167077847
2010-08,R1,26,183,54737,8,46,47,5,8506946
2010-10,R1,26,192,48910,5,39,40,4,8487806
2010-07,B2,25,13376,8016922,21,1285,1996,4,1731461600
2010-08,B2,25,13721,8620329,22,1422,2249,5,1843503365
2010-08,B2,26,4308,1118750,19,634,759,5,196725796
2010-07,B2,26,3654,891592,19,588,695,4,168228112
2010-01,H3,26,537,125963,11,62,65,4,17826514
2010-02,H3,26,497,136742,11,76,77,4,16826009
2010-04,H3,26,689,108169,10,73,78,4,15109377
2010-03,H3,26,753,153303,14,100,103,5,22444136
2010-07,H3,26,497,175863,13,65,69,4,31123355
2010-01,B7,25,277,103265,4,71,72,4,36319815
2010-03,B7,25,431,111280,4,97,97,5,34039134
2010-04,B7,25,325,100949,4,95,96,4,30544882
2010-05,B7,25,427,108009,4,99,101,5,24031646
2010-06,B7,25,246,59528,4,68,68,4,11401202
2010-01,B7,26,114,12902,4,37,37,4,1797484
2010-03,B7,26,204,32490,4,58,58,5,4739419
2010-04,B7,26,145,28592,4,51,51,4,4382526
2010-09,B7,26,130,29529,4,49,49,4,4599763
2010-05,B7,26,194,41460,4,58,58,5,6941757
2010-06,B7,26,131,23759,4,43,43,4,4272668
2010-01,B5,25,800,231045,7,107,111,4,35197690
2009-12,B5,25,215,50980,6,75,80,1,10947050
2010-05,B5,25,1213,508590,12,150,161,5,82993279
2010-12,B5,25,697,428851,9,126,138,3,70914937
2010-07,B5,26,134,32459,7,44,45,4,4024944
2010-11,B2,25,16563,11584347,22,1603,2521,5,2416466051
2009-12,B2,26,1102,251678,14,346,417,1,38783091
2010-11,B2,26,5208,1956548,18,681,817,5,340820833
2010-06,F2,26,412,70073,12,24,26,4,9462695
2010-09,F2,26,443,73494,12,39,44,4,9522445
2010-07,F2,26,322,38157,12,24,27,4,5073618
2010-10,F2,26,490,119502,14,46,49,4,13941167
2010-01,D1,26,296,20849,20,50,51,4,2818309
2010-12,B2,25,8920,6028211,20,1140,1737,3,1257328603
2010-12,B2,26,2679,862366,18,481,569,3,157130044
2010-01,F3,26,42,6392,4,14,14,4,965383
2010-04,F3,26,71,10073,6,16,16,4,1383585
2010-01,G1,25,26,22509,4,4,4,4,2125665
2010-08,G1,25,23,7970,4,7,7,5,2076585
2010-09,G1,25,29,7463,4,6,6,4,1879428
2010-10,G1,25,34,18788,4,5,5,4,5656646
2010-10,G1,26,4,548,2,2,2,3,50011
2010-08,G1,26,2,93,2,2,2,2,16033
2010-09,G1,26,2,24,2,2,2,2,4156
2010-01,H4,25,1187,645285,19,40,43,4,91302938
2010-02,H4,25,1390,723055,18,52,57,4,95064154
2010-06,H4,26,115,7164,11,15,16,4,888950
2010-05,H4,26,108,7331,7,15,16,5,1016314
2010-07,H4,26,172,12165,6,10,10,4,1573200
2010-08,H4,26,223,22767,12,18,18,5,2905087
2010-03,H4,26,87,8764,7,14,15,5,1034551
2010-09,H4,26,201,24400,12,20,22,4,3164046
2010-12,H4,26,77,2935,5,6,6,3,406095
2010-03,H2,26,292,20387,16,26,27,5,2936983
2010-11,H2,26,636,82220,26,44,48,5,10578258
2009-12,H2,26,124,9516,11,16,17,1,1091502
2010-03,B6,25,1749,1128879,9,69,78,5,145633821
2010-04,B6,25,1553,1010520,8,70,79,4,134141241
2010-05,B6,25,1416,1034048,8,68,76,5,127639638
2010-06,B6,25,683,304553,9,67,76,4,44488819
2010-07,B6,25,794,472856,9,67,75,4,90885463
2010-10,B6,25,1486,1122309,9,86,96,4,159217118
2010-11,B6,25,1985,1624637,9,80,94,5,221097252
2009-12,G9,25,94,37070,6,21,21,1,11291791
2010-01,G9,25,390,144322,8,28,28,4,34937314
2010-02,G9,25,349,119860,7,31,32,4,41896827
2010-03,G9,25,465,220846,8,35,37,5,68915736
2010-04,G9,25,321,185922,8,35,35,4,74654523
2010-05,G9,25,441,177945,8,36,39,5,47380569
2010-06,G9,25,310,144240,8,37,39,4,41504434
2010-07,G9,25,283,185364,7,37,40,4,54838887
2010-08,G9,25,286,179882,8,31,33,5,50060296
2010-09,G9,25,239,100071,8,34,35,4,31321531
2010-10,G9,25,199,101391,6,36,38,4,32696708
2010-11,G9,25,267,136357,8,38,39,5,50141226
2010-12,G9,25,150,87444,7,26,27,3,40704188
2009-12,G9,26,36,8878,5,12,12,1,1338369
2010-01,G9,26,129,49127,6,14,14,4,6490757
2010-02,G9,26,124,25960,5,16,16,4,3590977
2010-03,G9,26,128,75570,7,20,21,5,10189364
2010-04,G9,26,77,33156,5,19,19,4,4423190
2010-05,G9,26,120,26448,7,23,25,5,2841407
2010-06,G9,26,71,31021,7,19,20,4,4108986
2010-07,G9,26,72,39630,7,20,21,4,5592223
2010-08,G9,26,82,35842,5,16,16,5,4507197
2010-09,G9,26,72,32251,6,16,16,4,4479357
2010-10,G9,26,67,27372,5,18,18,4,3639196
2010-11,G9,26,84,16651,6,19,19,5,2430477
2010-12,G9,26,47,6154,4,12,12,3,1393413
2010-02,T2,25,634,428691,8,26,33,4,41525774
2010-03,T2,25,1042,585640,8,41,49,5,68665982
2010-04,T2,25,800,452628,9,42,50,4,52561407
2010-05,T2,25,1077,606425,11,48,56,5,103455709
2010-06,T2,25,1221,762113,11,49,57,4,110166272
2010-07,T2,25,1334,881120,8,44,54,4,120050742
2010-08,T2,25,1578,931956,9,46,57,5,126157914
2010-10,T2,25,1252,1053293,9,60,69,4,140729548
2010-09,T2,25,1165,808898,8,49,58,4,103498587
2010-06,T2,26,310,143768,8,29,30,4,19107093
2010-07,T2,26,349,172232,6,23,27,4,17904993
2010-12,H3,26,587,130930,15,76,84,3,18525889
2010-12,B6,25,1079,793767,9,59,70,3,117458687
2010-05,B6,26,342,111025,6,28,31,5,11575287
2010-06,B6,26,153,11116,6,28,28,4,1723764
2010-04,B6,26,440,114109,6,27,30,4,12438270
2009-12,B6,25,308,210258,6,28,32,1,33734260
2010-01,B6,25,1130,666816,7,54,61,4,108042822
2010-02,B6,25,1509,997339,7,64,72,4,133261514
2010-08,B6,25,919,641274,10,80,90,5,105955433
2010-09,B6,25,1342,791654,10,84,93,4,102850785
2009-12,T2,25,138,93711,7,23,29,1,9511166
2010-01,T2,25,324,174878,7,31,36,4,20453282
2010-11,T2,25,1601,1406875,9,60,71,5,194903014
2010-12,T2,25,905,886082,8,43,50,3,113662986
2010-10,G5,26,60,3194,4,12,12,4,403649
2010-12,G5,26,30,3347,4,11,11,3,451599
2010-09,G5,26,85,5569,10,23,24,4,803971
2010-02,B6,26,453,124210,6,25,26,4,14479254
2010-03,B6,26,473,97502,7,30,33,5,10521577
2010-10,B6,26,287,155112,7,36,39,4,20923899
2010-11,B6,26,420,293385,7,36,40,5,34750921
2010-03,G5,26,59,10006,8,18,19,5,1111473
2010-05,G5,26,80,6030,7,12,12,5,693637
2010-04,G5,26,93,8699,9,19,20,4,1111222
2010-02,T2,26,188,129224,6,14,17,4,13591974
2010-03,T2,26,251,114567,7,18,20,5,12964718
2010-04,T2,26,137,44617,6,14,16,4,5476970
2010-05,T2,26,190,58016,8,20,21,5,9243035
2010-08,T2,26,464,208322,6,24,27,5,21062314
2010-09,T2,26,355,175414,6,23,24,4,17752992
2010-10,T2,26,355,249108,6,31,33,4,23883018
2010-11,T2,26,453,369222,6,29,32,5,41714108
2010-12,T2,26,292,157212,6,23,26,3,15094413
2010-01,H4,26,28,1570,7,9,9,4,178337
2010-02,H4,26,45,1511,5,5,6,4,175805
2010-04,H4,26,71,2396,8,13,15,4,434830
2010-09,B6,26,251,88117,7,38,41,4,10739503
2009-12,B6,26,93,33679,5,12,13,1,3198908
2010-12,B6,26,267,119039,5,20,25,3,13244784
2009-12,D1,26,180,10058,25,42,43,1,1359042
2010-07,B6,26,206,35900,6,25,25,4,5349707
2010-08,B6,26,232,55121,6,26,26,5,8171883
2009-12,H1,26,30,2949,13,20,20,1,453015
2009-12,T6,26,56,12728,11,36,37,1,1949438
2009-12,T2,26,58,38823,5,13,17,1,4045608
2010-01,T2,26,96,73290,6,14,16,4,8833912
2010-01,B6,26,409,64904,5,22,23,4,8285726
2009-12,G5,26,18,932,6,7,7,1,108827
2010-01,G5,26,69,11770,6,10,10,4,1476304
2010-02,G5,26,23,5814,7,11,11,4,889265
2010-06,G5,26,38,3697,6,9,10,4,397405
2010-08,B7,25,535,244661,4,117,119,5,62222271
2009-12,B5,26,37,5352,5,16,16,1,677344
2010-01,B5,26,148,33332,4,23,23,4,5121097
2009-12,G1,25,13,3373,4,5,5,1,449648
2010-11,G1,25,85,91293,5,6,6,5,9557213
2010-12,G1,25,52,43045,2,2,2,3,3751279
2010-12,B5,26,113,25822,7,39,40,3,2825458
2010-07,B7,26,133,22026,4,52,52,4,3654006
2010-02,B7,25,372,88259,4,82,82,4,31266023
2010-02,T3,25,32,28133,1,5,5,4,7155713
2010-03,T3,25,34,23455,2,4,4,5,2298655
2010-11,T3,25,106,54511,2,10,10,5,9180831
2010-10,T3,25,71,46129,2,10,10,4,11626940
2010-12,T3,25,69,54246,1,6,6,3,14128690
2010-03,T3,26,2,82,1,1,1,2,6337
2010-02,B5,26,142,55548,4,27,27,4,7262915
2010-03,B5,26,151,34748,6,38,38,5,4388502
2010-05,B5,26,160,30567,7,39,39,5,4143285
2010-06,B5,26,133,30684,6,42,43,4,4256195
2010-08,B5,26,168,27102,7,47,48,5,3432135
2010-09,B5,26,155,76821,6,44,47,4,8098591
2010-03,G1,25,40,10926,3,6,6,5,1319362
2010-04,G1,25,33,5091,3,6,7,4,1049830
2010-11,G1,26,31,25730,1,1,1,5,3254767
2010-12,G1,26,18,1544,1,1,1,3,149050
2009-12,B7,25,83,52490,4,38,38,1,17906257
2010-02,B7,26,130,19726,3,39,39,4,2956928
2009-12,G1,26,1,120,1,1,1,1,18216
2010-07,G1,26,2,57,2,2,2,1,9807
2010-08,B7,26,177,32989,4,60,60,5,5217037
2009-12,B7,26,33,2070,4,20,20,1,286758
2010-01,T3,25,33,13232,2,3,3,4,5813913
2010-02,T3,26,3,25,1,1,1,2,3247
2010-09,T3,26,3,51,1,1,1,2,6717
2010-10,T3,26,6,129,1,1,1,3,19257
2010-11,T3,26,11,750,1,2,2,3,115704
2010-12,T3,26,9,748,1,3,3,3,66201
2009-12,H4,26,16,514,3,5,5,1,75753
2010-02,G1,25,50,9696,3,3,3,4,1054779
2010-03,G1,26,14,7218,2,2,2,5,922753
2010-02,G1,26,5,4394,2,2,2,3,546442
2010-04,G1,26,2,212,1,2,2,2,28091
2010-08,T3,26,1,106,1,1,1,1,13644
2010-01,G1,26,1,16,1,1,1,1,1926
2010-05,G1,26,3,36,1,1,1,2,4864
